Trade_ID,Version,CP_ID,B_ID,Maturity_Date,Created_On,Expired
T1,1,CP-1,B1,7/5/2020,5/9/2021,Y
T2,2,CP-2,B2,7/5/2022,5/9/2021,N
T3,3,CP-3,B3,7/5/2020,9/18/2006,Y
T4,4,CP-4,B4,7/5/2020,9/26/2006,Y
T5,5,CP-5,B5,7/5/2020,10/26/2006,Y
T6,1,CP-1,B6,7/5/2020,10/27/2006,Y
T7,7,CP-7,B7,7/5/2020,3/14/2007,Y
T8,8,CP-8,B8,7/5/2020,1/1/2009,Y
T9,9,CP-9,B9,7/5/2020,4/11/2011,Y
T10,10,CP-10,B10,7/5/2020,8/23/2011,Y
T1,2,CP-2,B11,7/5/2020,9/2/2011,Y
T2,12,CP-12,B12,7/5/2020,3/14/2012,Y
T3,13,CP-13,B13,7/5/2020,7/11/2011,Y
T4,14,CP-14,B14,7/5/2020,8/12/2011,Y
T5,15,CP-15,B15,7/5/2020,8/20/2020,Y
T6,16,CP-16,B16,7/5/2020,8/20/2020,Y
T7,17,CP-17,B17,7/5/2020,8/20/2020,Y
T8,18,CP-18,B18,7/5/2020,8/20/2020,Y
T9,19,CP-19,B19,12/5/2028,8/20/2020,N
T10,2,CP-2,B20,12/5/2028,8/20/2020,N
T1,21,CP-21,B21,12/5/2028,8/20/2020,N
T2,22,CP-22,B22,12/5/2028,8/20/2020,N
T3,23,CP-23,B23,12/5/2028,8/20/2020,N
T4,24,CP-24,B24,12/5/2028,8/20/2020,N
T5,25,CP-25,B25,12/5/2028,8/20/2020,N
T6,26,CP-26,B26,12/5/2028,8/20/2020,N
T7,27,CP-27,B27,12/5/2028,8/20/2020,N
T8,28,CP-28,B28,12/5/2028,8/20/2020,N
T9,29,CP-29,B29,12/5/2028,8/20/2020,N
T10,30,CP-30,B30,12/5/2028,8/20/2020,N
T1,31,CP-31,B31,12/5/2028,8/20/2020,N
T2,32,CP-32,B32,12/5/2028,8/20/2020,N
T3,33,CP-33,B33,12/5/2028,8/20/2020,N
T4,3,CP-3,B34,12/5/2028,8/20/2020,N
T5,35,CP-35,B35,7/6/2020,8/20/2020,Y
T6,36,CP-36,B36,7/6/2020,8/20/2020,Y
T7,37,CP-37,B37,7/6/2020,8/20/2020,Y
T8,38,CP-38,B38,7/6/2020,8/20/2020,Y
T9,39,CP-39,B39,7/6/2020,8/20/2020,Y
T10,40,CP-40,B40,7/6/2020,8/20/2020,Y
T1,41,CP-41,B41,7/6/2020,8/20/2020,Y
T2,42,CP-42,B42,7/6/2020,8/20/2020,Y
T3,3,CP-3,B43,7/6/2020,8/20/2020,Y
T4,44,CP-44,B44,7/6/2020,8/20/2020,Y
T5,45,CP-45,B45,7/6/2020,8/20/2020,Y
T6,46,CP-46,B46,7/6/2020,8/20/2020,Y
T7,47,CP-47,B47,7/6/2020,8/20/2020,Y
T8,48,CP-48,B48,7/6/2020,8/20/2020,Y
T9,49,CP-49,B49,7/6/2020,8/20/2020,Y
T10,50,CP-50,B50,12/5/2028,8/20/2020,N
T1,51,CP-51,B51,12/5/2028,8/20/2020,N
T2,52,CP-52,B52,12/5/2028,8/20/2020,N
T3,53,CP-53,B53,12/5/2028,8/20/2020,N
T4,54,CP-54,B54,12/5/2028,8/20/2020,N
T5,55,CP-55,B55,12/5/2028,8/20/2020,N
T6,56,CP-56,B56,12/5/2028,8/21/2020,N
T7,57,CP-57,B57,12/5/2028,8/21/2020,N
T8,58,CP-58,B58,12/5/2028,8/21/2020,N
T9,59,CP-59,B59,12/5/2028,8/21/2020,N
T10,60,CP-60,B60,7/8/2020,8/21/2020,Y
T1,61,CP-61,B61,7/8/2020,8/21/2020,Y
T2,62,CP-62,B62,7/8/2020,8/21/2020,Y
T3,2,CP-2,B63,7/8/2020,8/21/2020,Y
T4,64,CP-64,B64,7/8/2020,8/21/2020,Y
T5,65,CP-65,B65,7/8/2020,8/21/2020,Y
T6,66,CP-66,B66,7/8/2020,8/21/2020,Y
T7,67,CP-67,B67,7/8/2020,8/21/2020,Y
T8,68,CP-68,B68,7/8/2020,8/21/2020,Y
T9,69,CP-69,B69,7/8/2020,8/21/2020,Y
T10,70,CP-70,B70,7/8/2020,8/21/2020,Y
T1,71,CP-71,B71,7/8/2020,8/22/2020,Y
T2,72,CP-72,B72,7/8/2020,8/22/2020,Y
T3,73,CP-73,B73,7/8/2020,8/22/2020,Y
T4,74,CP-74,B74,7/8/2020,8/22/2020,Y
T5,75,CP-75,B75,7/8/2020,8/22/2020,Y
T6,76,CP-76,B76,7/8/2020,8/22/2020,Y
T7,77,CP-77,B77,7/8/2020,8/22/2020,Y
T8,78,CP-78,B78,7/8/2020,8/22/2020,Y
T9,79,CP-79,B79,7/8/2020,8/22/2020,Y
T10,80,CP-80,B80,7/8/2020,8/22/2020,Y
T1,81,CP-81,B81,7/8/2020,8/22/2020,Y
T2,82,CP-82,B82,7/8/2020,8/22/2020,Y
T3,83,CP-83,B83,7/8/2020,8/22/2020,Y
T4,84,CP-84,B84,7/8/2020,8/22/2020,Y
T5,85,CP-85,B85,7/8/2020,8/22/2020,Y
T6,86,CP-86,B86,7/8/2020,8/22/2020,Y
T7,87,CP-87,B87,7/8/2020,8/22/2020,Y
T8,88,CP-88,B88,7/8/2020,8/22/2020,Y
T9,89,CP-89,B89,7/8/2020,8/22/2020,Y
T10,90,CP-90,B90,7/8/2020,8/22/2020,Y
T1,91,CP-91,B91,7/8/2020,8/22/2020,Y
T2,92,CP-92,B92,7/8/2020,8/22/2020,Y
T3,93,CP-93,B93,7/8/2020,8/22/2020,Y
T4,94,CP-94,B94,12/5/2028,8/22/2020,N
T5,95,CP-95,B95,12/5/2028,8/22/2020,N
T6,96,CP-96,B96,12/5/2028,8/22/2020,N
T7,97,CP-97,B97,12/5/2028,8/22/2020,N
T8,98,CP-98,B98,12/5/2028,8/22/2020,N
T9,99,CP-99,B99,12/5/2028,8/22/2020,N
T10,100,CP-100,B100,12/5/2028,8/22/2020,N
T1,101,CP-101,B101,12/5/2028,8/22/2020,N
T2,102,CP-102,B102,12/5/2028,8/22/2020,N
T3,103,CP-103,B103,12/5/2028,8/22/2020,N
T4,104,CP-104,B104,12/5/2028,8/22/2020,Y
T5,105,CP-105,B105,12/5/2028,8/22/2020,N
T6,106,CP-106,B106,12/5/2028,8/22/2020,N
T7,107,CP-107,B107,12/5/2028,8/22/2020,N
T8,108,CP-108,B108,12/5/2028,8/22/2020,N
T9,109,CP-109,B109,12/5/2028,8/22/2020,N
T10,110,CP-110,B110,7/8/2020,8/22/2020,Y
T1,111,CP-111,B111,12/5/2028,8/22/2020,N
T2,112,CP-112,B112,12/5/2028,8/22/2020,N
T3,113,CP-113,B113,12/5/2028,8/22/2020,N
T4,114,CP-114,B114,12/5/2028,8/22/2020,N
T5,115,CP-115,B115,12/5/2028,8/22/2020,N
T6,116,CP-116,B116,12/5/2028,8/22/2020,N
T7,117,CP-117,B117,12/5/2028,8/22/2020,N
T8,118,CP-118,B118,12/5/2028,8/22/2020,N
T9,119,CP-119,B119,12/5/2028,8/22/2020,N
T10,120,CP-120,B120,12/5/2028,8/22/2020,N
T1,121,CP-121,B121,12/5/2028,8/22/2020,N
T2,122,CP-122,B122,12/5/2028,8/22/2020,N
T3,123,CP-123,B123,12/5/2028,8/22/2020,N
T4,124,CP-124,B124,12/5/2028,8/22/2020,N
T5,125,CP-125,B125,12/5/2028,8/22/2020,N
T6,126,CP-126,B126,12/5/2028,8/22/2020,N
T7,127,CP-127,B127,12/5/2028,8/22/2020,N
T8,128,CP-128,B128,12/5/2028,8/22/2020,N
T9,129,CP-129,B129,12/5/2028,8/22/2020,N
T10,130,CP-130,B130,12/5/2028,8/22/2020,N
T1,131,CP-131,B131,12/5/2028,8/22/2020,Y
T2,132,CP-132,B132,12/5/2028,8/22/2020,N
T3,133,CP-133,B133,12/5/2028,8/23/2020,N
T4,134,CP-134,B134,12/5/2028,8/23/2020,N
T5,135,CP-135,B135,12/5/2028,8/23/2020,N
T6,136,CP-136,B136,7/8/2020,8/23/2020,Y
T7,137,CP-137,B137,12/5/2028,8/23/2020,N
T8,138,CP-138,B138,12/5/2028,8/23/2020,N
T9,139,CP-139,B139,12/5/2028,8/23/2020,N
T10,140,CP-140,B140,12/5/2028,8/23/2020,N
T1,141,CP-141,B141,12/5/2028,8/23/2020,N
T2,142,CP-142,B142,12/5/2028,8/23/2020,N
T3,143,CP-143,B143,12/5/2028,8/23/2020,N
T4,144,CP-144,B144,12/5/2028,8/23/2020,N
T5,145,CP-145,B145,12/5/2028,8/23/2020,N
T6,146,CP-146,B146,12/5/2028,8/23/2020,N
T7,147,CP-147,B147,12/5/2028,8/23/2020,N
T8,148,CP-148,B148,7/8/2020,8/23/2020,Y
T9,149,CP-149,B149,12/5/2028,8/23/2020,N
T10,150,CP-150,B150,7/8/2020,8/23/2020,Y
T1,151,CP-151,B151,7/8/2020,8/23/2020,Y
T2,152,CP-152,B152,7/8/2020,8/23/2020,Y
T3,153,CP-153,B153,7/8/2020,8/23/2020,Y
T4,154,CP-154,B154,7/8/2020,8/23/2020,Y
T5,155,CP-155,B155,7/8/2020,8/23/2020,Y
T6,156,CP-156,B156,7/8/2020,8/23/2020,Y
T7,157,CP-157,B157,7/8/2020,8/23/2020,Y
T8,158,CP-158,B158,7/8/2020,8/23/2020,Y
T9,159,CP-159,B159,12/5/2028,8/23/2020,N
T10,160,CP-160,B160,12/5/2028,8/23/2020,N
T1,161,CP-161,B161,12/5/2028,8/23/2020,N
T2,162,CP-162,B162,12/5/2028,8/23/2020,N
T3,163,CP-163,B163,7/8/2020,8/23/2020,Y
T4,164,CP-164,B164,12/5/2028,8/23/2020,N
T5,165,CP-165,B165,12/5/2028,8/23/2020,N
T6,166,CP-166,B166,12/5/2028,8/23/2020,N
T7,167,CP-167,B167,12/5/2028,8/23/2020,N
T8,168,CP-168,B168,12/5/2028,8/23/2020,N
T9,169,CP-169,B169,12/5/2028,8/23/2020,N
T10,170,CP-170,B170,12/5/2028,8/23/2020,N
T1,171,CP-171,B171,12/5/2028,8/23/2020,N
T2,172,CP-172,B172,12/5/2028,8/23/2020,N
T3,173,CP-173,B173,7/8/2020,8/23/2020,Y
T4,174,CP-174,B174,12/5/2028,8/23/2020,N
T5,175,CP-175,B175,12/5/2028,8/23/2020,N
T6,176,CP-176,B176,12/5/2028,8/23/2020,N
T7,177,CP-177,B177,12/5/2028,8/23/2020,N
T8,178,CP-178,B178,12/5/2028,8/23/2020,N
T9,179,CP-179,B179,12/5/2028,8/23/2020,N
T10,180,CP-180,B180,12/5/2028,8/23/2020,N
T1,181,CP-181,B181,12/5/2028,8/23/2020,N
T2,182,CP-182,B182,7/8/2020,8/23/2020,Y
T3,183,CP-183,B183,7/8/2020,8/23/2020,Y
T4,184,CP-184,B184,12/5/2028,8/23/2020,N
T5,185,CP-185,B185,12/5/2028,8/23/2020,N
T6,186,CP-186,B186,12/5/2028,8/23/2020,N
T7,187,CP-187,B187,12/5/2028,8/23/2020,N
T8,188,CP-188,B188,12/5/2028,8/23/2020,N
T9,189,CP-189,B189,12/5/2028,8/23/2020,N
T10,190,CP-190,B190,12/5/2028,8/23/2020,N
T1,191,CP-191,B191,7/8/2020,8/23/2020,Y
T2,192,CP-192,B192,12/5/2028,8/23/2020,Y
T3,193,CP-193,B193,7/8/2020,8/23/2020,Y
T4,194,CP-194,B194,12/5/2028,8/23/2020,N
T5,195,CP-195,B195,12/5/2028,8/23/2020,N
T6,196,CP-196,B196,12/5/2028,8/23/2020,N
T7,197,CP-197,B197,12/5/2028,8/23/2020,N
T8,198,CP-198,B198,12/5/2028,8/23/2020,N
T9,199,CP-199,B199,12/5/2028,8/23/2020,N
T10,200,CP-200,B200,9/10/2020,8/23/2020,Y
T1,201,CP-201,B201,9/10/2020,8/23/2020,Y
T2,202,CP-202,B202,9/10/2020,8/24/2020,Y
T3,203,CP-203,B203,9/10/2020,8/24/2020,Y
T4,204,CP-204,B204,9/10/2020,8/24/2020,Y
T5,205,CP-205,B205,9/10/2020,8/24/2020,Y
T6,206,CP-206,B206,9/10/2020,8/24/2020,Y
T7,207,CP-207,B207,9/10/2020,8/24/2020,Y
T8,208,CP-208,B208,12/5/2028,8/24/2020,N
T9,209,CP-209,B209,12/5/2028,8/24/2020,N
T10,210,CP-210,B210,12/5/2028,8/24/2020,N
T1,211,CP-211,B211,12/5/2028,8/24/2020,N
T2,212,CP-212,B212,12/5/2028,8/24/2020,N
T3,213,CP-213,B213,12/5/2028,8/24/2020,N
T4,214,CP-214,B214,12/5/2028,8/24/2020,N
T5,215,CP-215,B215,12/5/2028,8/24/2020,N
T6,216,CP-216,B216,9/10/2020,8/24/2020,Y
T7,217,CP-217,B217,9/10/2020,8/24/2020,Y
T8,218,CP-218,B218,9/10/2020,8/24/2020,Y
T9,219,CP-219,B219,9/10/2020,8/25/2020,Y
T10,220,CP-220,B220,9/10/2020,8/25/2020,Y
T1,221,CP-221,B221,12/5/2028,8/26/2020,N
T2,222,CP-222,B222,12/5/2028,8/26/2020,N
T3,223,CP-223,B223,12/5/2028,8/26/2020,N
T4,224,CP-224,B224,12/5/2028,8/26/2020,N
T5,225,CP-225,B225,12/5/2028,8/26/2020,N
T6,226,CP-226,B226,12/5/2028,8/26/2020,N
T7,227,CP-227,B227,9/10/2020,8/26/2020,Y
T8,228,CP-228,B228,9/10/2020,8/26/2020,Y
T9,229,CP-229,B229,9/10/2020,8/26/2020,Y
T10,230,CP-230,B230,9/10/2020,8/26/2020,Y
T1,231,CP-231,B231,9/10/2020,8/26/2020,Y
T2,232,CP-232,B232,9/10/2020,8/26/2020,Y
T3,233,CP-233,B233,9/10/2020,8/26/2020,Y
T4,234,CP-234,B234,9/10/2020,8/27/2020,Y
T5,235,CP-235,B235,12/5/2028,8/27/2020,N
T6,236,CP-236,B236,12/5/2028,8/27/2020,N
T7,237,CP-237,B237,12/5/2028,8/27/2020,N
T8,238,CP-238,B238,12/5/2028,8/27/2020,N
T9,239,CP-239,B239,9/10/2020,8/27/2020,Y
T10,240,CP-240,B240,9/10/2020,8/27/2020,Y
T1,241,CP-241,B241,9/10/2020,8/27/2020,Y
T2,242,CP-242,B242,9/10/2020,8/27/2020,Y
T3,243,CP-243,B243,9/10/2020,8/27/2020,Y
T4,244,CP-244,B244,9/10/2020,8/27/2020,Y
T5,245,CP-245,B245,9/10/2020,8/27/2020,Y
T6,246,CP-246,B246,9/10/2020,8/27/2020,Y
T7,247,CP-247,B247,9/10/2020,8/27/2020,Y
T8,248,CP-248,B248,9/10/2020,8/27/2020,Y
T9,249,CP-249,B249,12/5/2028,8/27/2020,N
T10,250,CP-250,B250,12/5/2028,8/27/2020,N
T1,251,CP-251,B251,12/5/2028,8/27/2020,N
T2,252,CP-252,B252,12/5/2028,8/27/2020,N
T3,253,CP-253,B253,12/5/2028,8/27/2020,N
T4,254,CP-254,B254,9/10/2020,8/27/2020,Y
T5,255,CP-255,B255,9/10/2020,8/27/2020,Y
T6,256,CP-256,B256,9/10/2020,8/27/2020,Y
T7,257,CP-257,B257,9/10/2020,8/27/2020,Y
T8,258,CP-258,B258,9/10/2020,8/27/2020,Y
T9,259,CP-259,B259,9/10/2020,8/27/2020,Y
T10,260,CP-260,B260,9/10/2020,8/27/2020,Y
T1,261,CP-261,B261,9/10/2020,8/27/2020,Y
T2,262,CP-262,B262,9/10/2020,8/27/2020,Y
T3,263,CP-263,B263,12/5/2028,8/27/2020,N
T4,264,CP-264,B264,12/5/2028,8/27/2020,N
T5,265,CP-265,B265,12/5/2028,8/27/2020,N
T6,266,CP-266,B266,12/5/2028,8/27/2020,N
T7,267,CP-267,B267,12/5/2028,8/28/2020,N
T8,268,CP-268,B268,9/10/2020,8/28/2020,Y
T9,269,CP-269,B269,9/10/2020,8/28/2020,Y
T10,270,CP-270,B270,9/10/2020,8/28/2020,Y
T1,271,CP-271,B271,9/10/2020,8/28/2020,Y
T2,272,CP-272,B272,9/10/2020,8/28/2020,Y
T3,273,CP-273,B273,9/10/2020,8/28/2020,Y
T4,274,CP-274,B274,9/10/2020,8/28/2020,Y
T5,275,CP-275,B275,9/10/2020,8/28/2020,Y
T6,276,CP-276,B276,9/10/2020,8/29/2020,Y
T7,277,CP-277,B277,12/5/2028,8/29/2020,N
T8,278,CP-278,B278,12/5/2028,8/29/2020,N
T9,279,CP-279,B279,12/5/2028,8/29/2020,N
T10,280,CP-280,B280,12/5/2028,8/29/2020,N
T1,281,CP-281,B281,12/5/2028,8/29/2020,N
T2,282,CP-282,B282,12/5/2028,8/29/2020,N
T3,283,CP-283,B283,12/5/2028,8/29/2020,N
T4,284,CP-284,B284,9/10/2020,8/29/2020,Y
T5,285,CP-285,B285,9/10/2020,8/29/2020,Y
T6,286,CP-286,B286,9/10/2020,8/29/2020,Y
T7,287,CP-287,B287,9/10/2020,8/29/2020,Y
T8,288,CP-288,B288,9/10/2020,8/29/2020,Y
T9,289,CP-289,B289,9/10/2020,8/29/2020,Y
T10,290,CP-290,B290,9/10/2020,8/29/2020,Y
T1,291,CP-291,B291,9/10/2020,8/29/2020,Y
T2,292,CP-292,B292,9/10/2020,8/29/2020,Y
T3,293,CP-293,B293,12/5/2028,8/29/2020,N
T4,294,CP-294,B294,12/5/2028,8/29/2020,N
T5,295,CP-295,B295,12/5/2028,8/29/2020,N
T6,296,CP-296,B296,12/5/2028,8/29/2020,N
T7,297,CP-297,B297,12/5/2028,8/29/2020,N
T8,298,CP-298,B298,12/5/2028,8/29/2020,N
T9,299,CP-299,B299,12/5/2028,8/29/2020,N
T10,300,CP-300,B300,12/5/2028,8/29/2020,N
T1,301,CP-301,B301,12/5/2028,8/29/2020,N
T2,302,CP-302,B302,12/5/2028,8/30/2020,N
T3,303,CP-303,B303,12/5/2028,8/30/2020,N
T4,304,CP-304,B304,12/5/2028,8/30/2020,N
T5,305,CP-305,B305,12/5/2028,8/30/2020,N
T6,306,CP-306,B306,12/5/2028,8/30/2020,N
T7,307,CP-307,B307,12/5/2028,8/30/2020,N
T8,308,CP-308,B308,12/5/2028,8/30/2020,N
T9,309,CP-309,B309,12/5/2028,8/30/2020,N
T10,310,CP-310,B310,12/5/2028,8/30/2020,N
T1,311,CP-311,B311,12/5/2028,8/30/2020,N
T2,312,CP-312,B312,12/5/2028,8/30/2020,N
T3,313,CP-313,B313,12/5/2028,8/30/2020,N
T4,314,CP-314,B314,12/5/2028,8/30/2020,N
T5,315,CP-315,B315,4/5/2021,8/30/2020,Y
T6,316,CP-316,B316,4/5/2021,8/30/2020,Y
T7,317,CP-317,B317,4/5/2021,8/30/2020,Y
T8,318,CP-318,B318,4/5/2021,8/30/2020,Y
T9,319,CP-319,B319,4/5/2021,8/30/2020,Y
T10,320,CP-320,B320,4/5/2021,8/30/2020,Y
T1,321,CP-321,B321,4/5/2021,8/30/2020,Y
T2,322,CP-322,B322,4/5/2021,8/31/2020,Y
T3,323,CP-323,B323,4/5/2021,8/31/2020,Y
T4,324,CP-324,B324,4/5/2021,9/1/2020,Y
T5,325,CP-325,B325,4/5/2021,9/1/2020,Y
T6,326,CP-326,B326,4/5/2021,9/1/2020,Y
T7,327,CP-327,B327,4/5/2021,9/1/2020,Y
T8,328,CP-328,B328,4/5/2021,9/1/2020,Y
T9,329,CP-329,B329,4/5/2021,9/2/2020,Y
T10,330,CP-330,B330,4/5/2021,9/2/2020,Y
T1,331,CP-331,B331,4/5/2021,9/2/2020,Y
T2,332,CP-332,B332,4/5/2021,9/2/2020,Y
T3,333,CP-333,B333,4/5/2021,9/2/2020,Y
T4,334,CP-334,B334,12/5/2028,9/2/2020,N
T5,335,CP-335,B335,12/5/2028,9/2/2020,N
T6,336,CP-336,B336,12/5/2028,9/2/2020,N
T7,337,CP-337,B337,12/5/2028,9/2/2020,N
T8,338,CP-338,B338,12/5/2028,9/2/2020,N
T9,339,CP-339,B339,12/5/2028,9/2/2020,N
T10,340,CP-340,B340,12/5/2028,9/2/2020,N
T1,341,CP-341,B341,12/5/2028,9/2/2020,N
T2,342,CP-342,B342,12/5/2028,9/2/2020,N
T3,343,CP-343,B343,12/5/2028,9/2/2020,N
T4,344,CP-344,B344,12/5/2028,9/2/2020,N
T5,345,CP-345,B345,12/5/2028,9/2/2020,N
T6,346,CP-346,B346,12/5/2028,9/3/2020,N
T7,347,CP-347,B347,12/5/2028,9/3/2020,N
T8,348,CP-348,B348,12/5/2028,9/3/2020,N
T9,349,CP-349,B349,12/5/2028,9/4/2020,N
T10,350,CP-350,B350,4/5/2021,9/4/2020,Y
T1,351,CP-351,B351,4/5/2021,9/4/2020,Y
T2,352,CP-352,B352,4/5/2021,9/4/2020,Y
T3,353,CP-353,B353,4/5/2021,9/4/2020,Y
T4,354,CP-354,B354,4/5/2021,9/5/2020,Y
T5,355,CP-355,B355,4/5/2021,9/5/2020,Y
T6,356,CP-356,B356,4/5/2021,9/5/2020,Y
T7,357,CP-357,B357,4/5/2021,9/5/2020,Y
T8,358,CP-358,B358,4/5/2021,9/5/2020,Y
T9,359,CP-359,B359,4/5/2021,9/5/2020,Y
T10,360,CP-360,B360,4/5/2021,9/5/2020,Y
T1,361,CP-361,B361,4/5/2021,9/5/2020,Y
T2,362,CP-362,B362,4/5/2021,9/5/2020,Y
T3,363,CP-363,B363,4/5/2021,9/5/2020,Y
T4,364,CP-364,B364,4/5/2021,9/5/2020,Y
T5,365,CP-365,B365,4/5/2021,9/5/2020,Y
T6,366,CP-366,B366,4/5/2021,9/5/2020,Y
T7,367,CP-367,B367,4/5/2021,9/5/2020,Y
T8,368,CP-368,B368,4/5/2021,9/5/2020,Y
T9,369,CP-369,B369,4/5/2021,9/6/2020,Y
T10,370,CP-370,B370,4/5/2021,9/6/2020,Y
T1,371,CP-371,B371,4/5/2021,9/6/2020,Y
T2,372,CP-372,B372,4/5/2021,9/6/2020,Y
T3,373,CP-373,B373,4/5/2021,9/6/2020,Y
T4,374,CP-374,B374,4/5/2021,9/6/2020,Y
T5,375,CP-375,B375,4/5/2021,9/6/2020,Y
T6,376,CP-376,B376,4/5/2021,9/6/2020,Y
T7,377,CP-377,B377,4/5/2021,9/6/2020,Y
T8,378,CP-378,B378,4/5/2021,9/6/2020,Y
T9,379,CP-379,B379,4/5/2021,9/6/2020,Y
T10,380,CP-380,B380,4/5/2021,9/6/2020,Y
T1,381,CP-381,B381,4/5/2021,9/6/2020,Y
T2,382,CP-382,B382,4/5/2021,9/6/2020,Y
T3,383,CP-383,B383,4/5/2021,9/6/2020,Y
T4,384,CP-384,B384,4/5/2021,9/6/2020,Y
T5,385,CP-385,B385,4/5/2021,9/6/2020,Y
T6,386,CP-386,B386,4/5/2021,9/6/2020,Y
T7,387,CP-387,B387,4/5/2021,9/6/2020,Y
T8,388,CP-388,B388,4/5/2021,9/6/2020,Y
T9,389,CP-389,B389,4/5/2021,9/6/2020,Y
T10,390,CP-390,B390,4/5/2021,9/6/2020,Y
T1,391,CP-391,B391,4/5/2021,9/6/2020,Y
T2,392,CP-392,B392,4/5/2021,9/6/2020,Y
T3,393,CP-393,B393,4/5/2021,9/6/2020,Y
T4,394,CP-394,B394,4/5/2021,9/6/2020,Y
T5,395,CP-395,B395,4/5/2021,9/6/2020,Y
T6,396,CP-396,B396,4/5/2021,9/6/2020,Y
T7,397,CP-397,B397,4/5/2021,9/6/2020,Y
T8,398,CP-398,B398,4/5/2021,9/6/2020,Y
T9,399,CP-399,B399,4/5/2021,9/6/2020,Y
T10,400,CP-400,B400,4/5/2021,9/7/2020,Y
T1,401,CP-401,B401,4/5/2021,9/7/2020,Y
T2,402,CP-402,B402,4/5/2021,9/7/2020,Y
T3,403,CP-403,B403,4/5/2021,9/7/2020,Y
T4,404,CP-404,B404,4/5/2021,9/7/2020,Y
T5,405,CP-405,B405,4/5/2021,9/7/2020,Y
T6,406,CP-406,B406,4/5/2021,9/7/2020,Y
T7,407,CP-407,B407,4/5/2021,9/7/2020,Y
T8,408,CP-408,B408,4/5/2021,9/7/2020,Y
T9,409,CP-409,B409,4/5/2021,9/7/2020,Y
T10,410,CP-410,B410,4/5/2021,9/7/2020,Y
T1,411,CP-411,B411,4/5/2021,9/7/2020,Y
T2,412,CP-412,B412,4/5/2021,9/7/2020,Y
T3,413,CP-413,B413,4/5/2021,9/7/2020,Y
T4,414,CP-414,B414,4/5/2021,9/7/2020,Y
T5,415,CP-415,B415,4/5/2021,9/7/2020,Y
T6,416,CP-416,B416,4/5/2021,9/7/2020,Y
T7,417,CP-417,B417,4/5/2021,9/7/2020,Y
T8,418,CP-418,B418,4/5/2021,9/7/2020,Y
T9,419,CP-419,B419,4/5/2021,9/7/2020,Y
T10,420,CP-420,B420,4/5/2021,9/7/2020,Y
T1,421,CP-421,B421,4/5/2021,9/7/2020,Y
T2,422,CP-422,B422,4/5/2021,9/7/2020,Y
T3,423,CP-423,B423,4/5/2021,9/7/2020,Y
T4,424,CP-424,B424,4/5/2021,9/7/2020,Y
T5,425,CP-425,B425,4/5/2021,9/7/2020,Y
T6,426,CP-426,B426,4/5/2021,9/7/2020,Y
T7,427,CP-427,B427,4/5/2021,9/7/2020,Y
T8,428,CP-428,B428,4/5/2021,9/7/2020,Y
T9,429,CP-429,B429,4/5/2021,9/7/2020,Y
T10,430,CP-430,B430,4/5/2021,9/7/2020,Y
T1,431,CP-431,B431,4/5/2021,9/7/2020,Y
T2,432,CP-432,B432,4/5/2021,9/7/2020,Y
T3,433,CP-433,B433,4/5/2021,9/7/2020,Y
T4,434,CP-434,B434,4/5/2021,9/7/2020,Y
T5,435,CP-435,B435,4/5/2021,9/7/2020,Y
T6,436,CP-436,B436,4/5/2021,9/7/2020,Y
T7,437,CP-437,B437,4/5/2021,9/7/2020,Y
T8,438,CP-438,B438,4/5/2021,9/7/2020,Y
T9,439,CP-439,B439,4/5/2021,9/7/2020,Y
T10,440,CP-440,B440,4/5/2021,9/7/2020,Y
T1,441,CP-441,B441,4/5/2021,9/7/2020,Y
T2,442,CP-442,B442,4/5/2021,9/7/2020,Y
T3,443,CP-443,B443,4/5/2021,9/8/2020,Y
T4,444,CP-444,B444,4/5/2021,9/8/2020,Y
T5,445,CP-445,B445,4/5/2021,9/8/2020,Y
T6,446,CP-446,B446,4/5/2021,9/8/2020,Y
T7,447,CP-447,B447,4/5/2021,9/8/2020,Y
T8,448,CP-448,B448,4/5/2021,9/8/2020,Y
T9,449,CP-449,B449,4/5/2021,9/8/2020,Y
T10,450,CP-450,B450,4/5/2021,9/8/2020,Y
T1,451,CP-451,B451,4/5/2021,9/8/2020,Y
T2,452,CP-452,B452,4/5/2021,9/8/2020,Y
T3,453,CP-453,B453,4/5/2021,9/8/2020,Y
T4,454,CP-454,B454,4/5/2021,9/8/2020,Y
T5,455,CP-455,B455,4/5/2021,9/8/2020,Y
T6,456,CP-456,B456,4/5/2021,9/8/2020,Y
T7,457,CP-457,B457,4/5/2021,9/8/2020,Y
T8,458,CP-458,B458,4/5/2021,9/8/2020,Y
T9,459,CP-459,B459,4/5/2021,9/8/2020,Y
T10,460,CP-460,B460,4/5/2021,9/8/2020,Y
T1,461,CP-461,B461,4/5/2021,9/8/2020,Y
T2,462,CP-462,B462,4/5/2021,9/8/2020,Y
T3,463,CP-463,B463,4/5/2021,9/8/2020,Y
T4,464,CP-464,B464,4/5/2021,9/8/2020,Y
T5,465,CP-465,B465,4/5/2021,9/8/2020,Y
T6,466,CP-466,B466,4/5/2021,9/8/2020,Y
T7,467,CP-467,B467,4/5/2021,9/9/2020,Y
T8,468,CP-468,B468,4/5/2021,9/9/2020,Y
T9,469,CP-469,B469,4/5/2021,9/9/2020,Y
T10,470,CP-470,B470,4/5/2021,9/9/2020,Y
T1,471,CP-471,B471,4/5/2021,9/9/2020,Y
T2,472,CP-472,B472,4/5/2021,9/9/2020,Y
T3,473,CP-473,B473,4/5/2021,9/9/2020,Y
T4,474,CP-474,B474,4/5/2021,9/9/2020,Y
T5,475,CP-475,B475,4/5/2021,9/9/2020,Y
T6,476,CP-476,B476,4/5/2021,9/9/2020,Y
T7,477,CP-477,B477,4/5/2021,9/9/2020,Y
T8,478,CP-478,B478,4/5/2021,9/9/2020,Y
T9,479,CP-479,B479,4/5/2021,9/9/2020,Y
T10,480,CP-480,B480,4/5/2021,9/9/2020,Y
T1,481,CP-481,B481,4/5/2021,9/9/2020,Y
T2,482,CP-482,B482,4/5/2021,9/9/2020,Y
T3,483,CP-483,B483,4/5/2021,9/9/2020,Y
T4,484,CP-484,B484,4/5/2021,9/10/2020,Y
T5,485,CP-485,B485,4/5/2021,9/10/2020,Y
T6,486,CP-486,B486,4/5/2021,9/11/2020,Y
T7,487,CP-487,B487,4/5/2021,9/11/2020,Y
T8,488,CP-488,B488,4/5/2021,9/12/2020,Y
T9,489,CP-489,B489,4/5/2021,9/12/2020,Y
T10,490,CP-490,B490,4/5/2021,9/12/2020,Y
T1,491,CP-491,B491,4/5/2021,9/12/2020,Y
T2,492,CP-492,B492,4/5/2021,9/12/2020,Y
T3,493,CP-493,B493,4/5/2021,9/12/2020,Y
T4,494,CP-494,B494,4/5/2021,9/12/2020,Y
T5,495,CP-495,B495,12/5/2028,9/12/2020,N
T6,496,CP-496,B496,12/5/2028,9/12/2020,N
T7,497,CP-497,B497,12/5/2028,9/12/2020,N
T8,498,CP-498,B498,12/5/2028,9/12/2020,N
T9,499,CP-499,B499,12/5/2028,9/12/2020,N
T10,500,CP-500,B500,12/5/2028,9/12/2020,N
T1,501,CP-501,B501,12/5/2028,9/12/2020,N
T2,502,CP-502,B502,12/5/2028,9/12/2020,N
T3,503,CP-503,B503,12/5/2028,9/12/2020,N
T4,504,CP-504,B504,12/5/2028,9/12/2020,N
T5,505,CP-505,B505,12/5/2028,9/12/2020,N
T6,506,CP-506,B506,12/5/2028,9/12/2020,N
T7,507,CP-507,B507,12/5/2028,9/12/2020,N
T8,508,CP-508,B508,12/5/2028,9/12/2020,N
T9,509,CP-509,B509,12/5/2028,9/12/2020,N
T10,510,CP-510,B510,12/5/2028,9/12/2020,N
T1,511,CP-511,B511,12/5/2028,9/12/2020,N
T2,512,CP-512,B512,12/5/2028,9/12/2020,N
T3,513,CP-513,B513,12/5/2028,9/12/2020,N
T4,514,CP-514,B514,4/5/2021,9/12/2020,Y
T5,515,CP-515,B515,4/5/2021,9/12/2020,Y
T6,516,CP-516,B516,4/5/2021,9/12/2020,Y
T7,517,CP-517,B517,4/5/2021,9/13/2020,Y
T8,518,CP-518,B518,4/5/2021,9/13/2020,Y
T9,519,CP-519,B519,4/5/2021,9/13/2020,Y
T10,520,CP-520,B520,4/5/2021,9/13/2020,Y
T1,521,CP-521,B521,4/5/2021,9/13/2020,Y
T2,522,CP-522,B522,4/5/2021,9/13/2020,Y
T3,523,CP-523,B523,4/5/2021,9/13/2020,Y
T4,524,CP-524,B524,4/5/2021,9/13/2020,Y
T5,525,CP-525,B525,4/5/2021,9/13/2020,Y
T6,526,CP-526,B526,4/5/2021,9/13/2020,Y
T7,527,CP-527,B527,4/5/2021,9/13/2020,Y
T8,528,CP-528,B528,4/5/2021,9/13/2020,Y
T9,529,CP-529,B529,4/5/2021,9/13/2020,Y
T10,530,CP-530,B530,4/5/2021,9/13/2020,Y
T1,531,CP-531,B531,4/5/2021,9/13/2020,Y
T2,532,CP-532,B532,4/5/2021,9/14/2020,Y
T3,533,CP-533,B533,4/5/2021,9/14/2020,Y
T4,534,CP-534,B534,4/5/2021,9/14/2020,Y
T5,535,CP-535,B535,4/5/2021,9/14/2020,Y
T6,536,CP-536,B536,4/5/2021,9/14/2020,Y
T7,537,CP-537,B537,4/5/2021,9/15/2020,Y
T8,538,CP-538,B538,4/5/2021,9/15/2020,Y
T9,539,CP-539,B539,4/5/2021,9/15/2020,Y
T10,540,CP-540,B540,4/5/2021,9/15/2020,Y
T1,541,CP-541,B541,4/5/2021,9/15/2020,Y
T2,542,CP-542,B542,4/5/2021,9/15/2020,Y
T3,543,CP-543,B543,4/5/2021,9/15/2020,Y
T4,544,CP-544,B544,4/5/2021,9/15/2020,Y
T5,545,CP-545,B545,4/5/2021,9/15/2020,Y
T6,546,CP-546,B546,4/5/2021,9/15/2020,Y
T7,547,CP-547,B547,4/5/2021,9/15/2020,Y
T8,548,CP-548,B548,4/5/2021,9/15/2020,Y
T9,549,CP-549,B549,4/5/2021,9/15/2020,Y
T10,550,CP-550,B550,4/5/2021,9/15/2020,Y
T1,551,CP-551,B551,4/5/2021,9/15/2020,Y
T2,552,CP-552,B552,4/5/2021,9/15/2020,Y
T3,553,CP-553,B553,4/5/2021,9/15/2020,Y
T4,554,CP-554,B554,4/5/2021,9/15/2020,Y
T5,555,CP-555,B555,4/5/2021,9/15/2020,Y
T6,556,CP-556,B556,4/5/2021,9/15/2020,Y
T7,557,CP-557,B557,4/5/2021,9/15/2020,Y
T8,558,CP-558,B558,4/5/2021,9/15/2020,Y
T9,559,CP-559,B559,4/5/2021,9/15/2020,Y
T10,560,CP-560,B560,4/5/2021,9/15/2020,Y
T1,561,CP-561,B561,4/5/2021,9/15/2020,Y
T2,562,CP-562,B562,4/5/2021,9/15/2020,Y
T3,563,CP-563,B563,4/5/2021,9/15/2020,Y
T4,564,CP-564,B564,4/5/2021,9/15/2020,Y
T5,565,CP-565,B565,4/5/2021,9/15/2020,Y
T6,566,CP-566,B566,4/5/2021,9/15/2020,Y
T7,567,CP-567,B567,4/5/2021,9/15/2020,Y
T8,568,CP-568,B568,4/5/2021,9/15/2020,Y
T9,569,CP-569,B569,4/5/2021,9/15/2020,Y
T10,570,CP-570,B570,4/5/2021,9/15/2020,Y
T1,571,CP-571,B571,4/5/2021,9/15/2020,Y
T2,572,CP-572,B572,4/5/2021,9/15/2020,Y
T3,573,CP-573,B573,4/5/2021,9/15/2020,Y
T4,574,CP-574,B574,4/5/2021,9/15/2020,Y
T5,575,CP-575,B575,4/5/2021,9/15/2020,Y
T6,576,CP-576,B576,4/5/2021,9/15/2020,Y
T7,577,CP-577,B577,4/5/2021,9/15/2020,Y
T8,578,CP-578,B578,4/5/2021,9/15/2020,Y
T9,579,CP-579,B579,4/5/2021,9/15/2020,Y
T10,580,CP-580,B580,4/5/2021,9/15/2020,Y
T1,581,CP-581,B581,4/5/2021,9/15/2020,Y
T2,582,CP-582,B582,4/5/2021,9/15/2020,Y
T3,583,CP-583,B583,4/5/2021,9/15/2020,Y
T4,584,CP-584,B584,4/5/2021,9/15/2020,Y
T5,585,CP-585,B585,4/5/2021,9/15/2020,Y
T6,586,CP-586,B586,4/5/2021,9/15/2020,Y
T7,587,CP-587,B587,4/5/2021,9/15/2020,Y
T8,588,CP-588,B588,4/5/2021,9/15/2020,Y
T9,589,CP-589,B589,4/5/2021,9/15/2020,Y
T10,590,CP-590,B590,4/5/2021,9/15/2020,Y
T1,591,CP-591,B591,4/5/2021,9/15/2020,Y
T2,592,CP-592,B592,4/5/2021,9/15/2020,Y
T3,593,CP-593,B593,4/5/2021,9/15/2020,Y
T4,594,CP-594,B594,4/5/2021,9/15/2020,Y
T5,595,CP-595,B595,4/5/2021,9/15/2020,Y
T6,596,CP-596,B596,4/5/2021,9/15/2020,Y
T7,597,CP-597,B597,4/5/2021,9/15/2020,Y
T8,598,CP-598,B598,4/5/2021,9/15/2020,Y
T9,599,CP-599,B599,4/5/2021,9/15/2020,Y
T10,600,CP-600,B600,4/5/2021,9/15/2020,Y
T1,601,CP-601,B601,4/5/2021,9/15/2020,Y
T2,602,CP-602,B602,4/5/2021,9/15/2020,Y
T3,603,CP-603,B603,4/5/2021,9/15/2020,Y
T4,604,CP-604,B604,4/5/2021,9/15/2020,Y
T5,605,CP-605,B605,4/5/2021,9/15/2020,Y
T6,606,CP-606,B606,4/5/2021,9/15/2020,Y
T7,607,CP-607,B607,4/5/2021,9/15/2020,Y
T8,608,CP-608,B608,4/5/2021,9/15/2020,Y
T9,609,CP-609,B609,4/5/2021,9/15/2020,Y
T10,610,CP-610,B610,4/5/2021,9/15/2020,Y
T1,611,CP-611,B611,4/5/2021,9/15/2020,Y
T2,612,CP-612,B612,4/5/2021,9/15/2020,Y
T3,613,CP-613,B613,4/5/2021,9/15/2020,Y
T4,614,CP-614,B614,4/5/2021,9/15/2020,Y
T5,615,CP-615,B615,4/5/2021,9/15/2020,Y
T6,616,CP-616,B616,4/5/2021,9/15/2020,Y
T7,617,CP-617,B617,4/5/2021,9/15/2020,Y
T8,618,CP-618,B618,4/5/2021,9/15/2020,Y
T9,619,CP-619,B619,4/5/2021,9/15/2020,Y
T10,620,CP-620,B620,4/5/2021,9/15/2020,Y
T1,621,CP-621,B621,4/5/2021,9/15/2020,Y
T2,622,CP-622,B622,4/5/2021,9/15/2020,Y
T3,623,CP-623,B623,4/5/2021,9/15/2020,Y
T4,624,CP-624,B624,4/5/2021,9/15/2020,Y
T5,625,CP-625,B625,4/5/2021,9/15/2020,Y
T6,626,CP-626,B626,12/5/2028,9/15/2020,N
T7,627,CP-627,B627,12/5/2028,9/15/2020,N
T8,628,CP-628,B628,12/5/2028,9/15/2020,N
T9,629,CP-629,B629,12/5/2028,9/15/2020,N
T10,630,CP-630,B630,12/5/2028,9/15/2020,N
T1,631,CP-631,B631,12/5/2028,9/15/2020,N
T2,632,CP-632,B632,12/5/2028,9/15/2020,N
T3,633,CP-633,B633,12/5/2028,9/15/2020,N
T4,634,CP-634,B634,12/5/2028,9/15/2020,N
T5,635,CP-635,B635,12/5/2028,9/15/2020,N
T6,636,CP-636,B636,12/5/2028,9/15/2020,N
T7,637,CP-637,B637,12/5/2028,9/15/2020,N
T8,638,CP-638,B638,12/5/2028,9/15/2020,N
T9,639,CP-639,B639,12/5/2028,9/15/2020,N
T10,640,CP-640,B640,12/5/2028,9/15/2020,N
T1,641,CP-641,B641,12/5/2028,9/15/2020,N
T2,642,CP-642,B642,12/5/2028,9/15/2020,N
T3,643,CP-643,B643,12/5/2028,9/15/2020,N
T4,644,CP-644,B644,12/5/2028,9/15/2020,N
T5,645,CP-645,B645,12/5/2028,9/15/2020,N
T6,646,CP-646,B646,12/5/2028,9/15/2020,N
T7,647,CP-647,B647,12/5/2028,9/15/2020,N
T8,648,CP-648,B648,12/5/2028,9/15/2020,N
T9,649,CP-649,B649,12/5/2028,9/16/2020,N
T10,650,CP-650,B650,12/5/2028,9/16/2020,N
T1,651,CP-651,B651,12/5/2028,9/16/2020,N
T2,652,CP-652,B652,12/5/2028,9/16/2020,N
T3,653,CP-653,B653,12/5/2028,9/16/2020,N
T4,654,CP-654,B654,12/5/2028,9/16/2020,N
T5,655,CP-655,B655,12/5/2028,9/16/2020,N
T6,656,CP-656,B656,12/5/2028,9/16/2020,N
T7,657,CP-657,B657,12/5/2028,9/16/2020,N
T8,658,CP-658,B658,12/5/2028,9/16/2020,N
T9,659,CP-659,B659,12/5/2028,9/16/2020,N
T10,660,CP-660,B660,12/5/2028,9/16/2020,N
T1,661,CP-661,B661,12/5/2028,9/16/2020,N
T2,662,CP-662,B662,12/5/2028,9/16/2020,N
T3,663,CP-663,B663,12/5/2028,9/16/2020,N
T4,664,CP-664,B664,12/5/2028,9/16/2020,N
T5,665,CP-665,B665,12/5/2028,9/16/2020,N
T6,666,CP-666,B666,12/5/2028,9/16/2020,N
T7,667,CP-667,B667,12/5/2028,9/16/2020,N
T8,668,CP-668,B668,12/5/2028,9/16/2020,N
T9,669,CP-669,B669,12/5/2028,9/16/2020,N
T10,670,CP-670,B670,12/5/2028,9/16/2020,N
T1,671,CP-671,B671,12/5/2028,9/16/2020,N
T2,672,CP-672,B672,12/5/2028,9/16/2020,N
T3,673,CP-673,B673,12/5/2028,9/16/2020,N
T4,674,CP-674,B674,12/5/2028,9/16/2020,N
T5,675,CP-675,B675,12/5/2028,9/16/2020,N
T6,676,CP-676,B676,12/5/2028,9/16/2020,N
T7,677,CP-677,B677,12/5/2028,9/16/2020,N
T8,678,CP-678,B678,12/5/2028,9/16/2020,N
T9,679,CP-679,B679,12/5/2028,9/17/2020,N
T10,680,CP-680,B680,12/5/2028,9/17/2020,N
T1,681,CP-681,B681,12/5/2028,9/17/2020,N
T2,682,CP-682,B682,12/5/2028,9/17/2020,N
T3,683,CP-683,B683,12/5/2028,9/17/2020,N
T4,684,CP-684,B684,12/5/2028,9/17/2020,N
T5,685,CP-685,B685,12/5/2028,9/17/2020,N
T6,686,CP-686,B686,12/5/2028,9/17/2020,N
T7,687,CP-687,B687,12/5/2028,9/17/2020,N
T8,688,CP-688,B688,12/5/2028,9/17/2020,N
T9,689,CP-689,B689,12/5/2028,9/17/2020,N
T10,690,CP-690,B690,12/5/2028,9/17/2020,N
T1,691,CP-691,B691,12/5/2028,9/17/2020,N
T2,692,CP-692,B692,12/5/2028,9/17/2020,N
T3,693,CP-693,B693,12/5/2028,9/17/2020,N
T4,694,CP-694,B694,12/5/2028,9/18/2020,N
T5,695,CP-695,B695,12/5/2028,9/18/2020,N
T6,696,CP-696,B696,12/5/2028,9/18/2020,N
T7,697,CP-697,B697,12/5/2028,9/18/2020,N
T8,698,CP-698,B698,12/5/2028,9/18/2020,N
T9,699,CP-699,B699,12/5/2028,9/18/2020,N
T10,700,CP-700,B700,12/5/2028,9/18/2020,N
T1,701,CP-701,B701,12/5/2028,9/18/2020,N
T2,702,CP-702,B702,12/5/2028,9/18/2020,N
T3,703,CP-703,B703,12/5/2028,9/18/2020,N
T4,704,CP-704,B704,12/5/2028,9/18/2020,N
T5,705,CP-705,B705,12/5/2028,9/18/2020,N
T6,706,CP-706,B706,12/5/2028,9/18/2020,N
T7,707,CP-707,B707,12/5/2028,9/18/2020,N
T8,708,CP-708,B708,12/5/2028,9/18/2020,N
T9,709,CP-709,B709,12/5/2028,9/18/2020,N
T10,710,CP-710,B710,12/5/2028,9/18/2020,N
T1,711,CP-711,B711,12/5/2028,9/18/2020,N
T2,712,CP-712,B712,12/5/2028,9/18/2020,N
T3,713,CP-713,B713,12/5/2028,9/18/2020,N
T4,714,CP-714,B714,12/5/2028,9/18/2020,N
T5,715,CP-715,B715,12/5/2028,9/18/2020,N
T6,716,CP-716,B716,12/5/2028,9/18/2020,N
T7,717,CP-717,B717,12/5/2028,9/18/2020,N
T8,718,CP-718,B718,12/5/2028,9/18/2020,N
T9,719,CP-719,B719,12/5/2028,9/18/2020,N
T10,720,CP-720,B720,12/5/2028,9/18/2020,N
T1,721,CP-721,B721,12/5/2028,9/18/2020,N
T2,722,CP-722,B722,12/5/2028,9/18/2020,N
T3,723,CP-723,B723,12/5/2028,9/18/2020,N
T4,724,CP-724,B724,12/5/2028,9/18/2020,N
T5,725,CP-725,B725,12/5/2028,9/18/2020,N
T6,726,CP-726,B726,12/5/2028,9/18/2020,N
T7,727,CP-727,B727,12/5/2028,9/18/2020,N
T8,728,CP-728,B728,12/5/2028,9/18/2020,N
T9,729,CP-729,B729,12/5/2028,9/18/2020,N
T10,730,CP-730,B730,12/5/2028,9/18/2020,N
T1,731,CP-731,B731,12/5/2028,9/18/2020,N
T2,732,CP-732,B732,12/5/2028,9/18/2020,N
T3,733,CP-733,B733,12/5/2028,9/18/2020,N
T4,734,CP-734,B734,12/5/2028,9/18/2020,N
T5,735,CP-735,B735,12/5/2028,9/19/2020,N
T6,736,CP-736,B736,12/5/2028,9/19/2020,N
T7,737,CP-737,B737,12/5/2028,9/19/2020,N
T8,738,CP-738,B738,12/5/2028,9/19/2020,N
T9,739,CP-739,B739,12/5/2028,9/19/2020,N
T10,740,CP-740,B740,12/5/2028,9/19/2020,N
T1,741,CP-741,B741,12/5/2028,9/19/2020,N
T2,742,CP-742,B742,4/5/2021,9/19/2020,Y
T3,743,CP-743,B743,4/5/2021,9/19/2020,Y
T4,744,CP-744,B744,4/5/2021,9/19/2020,Y
T5,745,CP-745,B745,4/5/2021,9/19/2020,Y
T6,746,CP-746,B746,4/5/2021,9/19/2020,Y
T7,747,CP-747,B747,4/5/2021,9/19/2020,Y
T8,748,CP-748,B748,4/5/2021,9/19/2020,Y
T9,749,CP-749,B749,4/5/2021,9/19/2020,Y
T10,750,CP-750,B750,4/5/2021,9/19/2020,Y
T1,751,CP-751,B751,4/5/2021,9/19/2020,Y
T2,752,CP-752,B752,4/5/2021,9/19/2020,Y
T3,753,CP-753,B753,4/5/2021,9/19/2020,Y
T4,754,CP-754,B754,4/5/2021,9/19/2020,Y
T5,755,CP-755,B755,4/5/2021,9/19/2020,Y
T6,756,CP-756,B756,4/5/2021,9/19/2020,Y
T7,757,CP-757,B757,4/5/2021,9/19/2020,Y
T8,758,CP-758,B758,4/5/2021,9/19/2020,Y
T9,759,CP-759,B759,4/5/2021,9/19/2020,Y
T10,760,CP-760,B760,4/5/2021,9/19/2020,Y
T1,761,CP-761,B761,4/5/2021,9/19/2020,Y
T2,762,CP-762,B762,4/5/2021,9/19/2020,Y
T3,763,CP-763,B763,4/5/2021,9/19/2020,Y
T4,764,CP-764,B764,4/5/2021,9/19/2020,Y
T5,765,CP-765,B765,4/5/2021,9/19/2020,Y
T6,766,CP-766,B766,4/5/2021,9/19/2020,Y
T7,767,CP-767,B767,4/5/2021,9/19/2020,Y
T8,768,CP-768,B768,4/5/2021,9/19/2020,Y
T9,769,CP-769,B769,4/5/2021,9/19/2020,Y
T10,770,CP-770,B770,4/5/2021,9/19/2020,Y
T1,771,CP-771,B771,4/5/2021,9/19/2020,Y
T2,772,CP-772,B772,4/5/2021,9/19/2020,Y
T3,773,CP-773,B773,4/5/2021,9/19/2020,Y
T4,774,CP-774,B774,4/5/2021,9/19/2020,Y
T5,775,CP-775,B775,4/5/2021,9/19/2020,Y
T6,776,CP-776,B776,4/5/2021,9/19/2020,Y
T7,777,CP-777,B777,4/5/2021,9/19/2020,Y
T8,778,CP-778,B778,4/5/2021,9/19/2020,Y
T9,779,CP-779,B779,4/5/2021,9/19/2020,Y
T10,780,CP-780,B780,4/5/2021,9/19/2020,Y
T1,781,CP-781,B781,12/5/2028,9/19/2020,N
T2,782,CP-782,B782,12/5/2028,9/19/2020,N
T3,783,CP-783,B783,12/5/2028,9/19/2020,N
T4,784,CP-784,B784,12/5/2028,9/19/2020,N
T5,785,CP-785,B785,12/5/2028,9/19/2020,N
T6,786,CP-786,B786,12/5/2028,9/19/2020,N
T7,787,CP-787,B787,12/5/2028,9/19/2020,N
T8,788,CP-788,B788,12/5/2028,9/19/2020,N
T9,789,CP-789,B789,12/5/2028,9/19/2020,N
T10,790,CP-790,B790,12/5/2028,9/19/2020,N
T1,791,CP-791,B791,12/5/2028,9/19/2020,N
T2,792,CP-792,B792,12/5/2028,9/19/2020,N
T3,793,CP-793,B793,12/5/2028,9/19/2020,N
T4,794,CP-794,B794,12/5/2028,9/19/2020,N
T5,795,CP-795,B795,12/5/2028,9/19/2020,N
T6,796,CP-796,B796,12/5/2028,9/19/2020,N
T7,797,CP-797,B797,12/5/2028,9/19/2020,N
T8,798,CP-798,B798,12/5/2028,9/19/2020,N
T9,799,CP-799,B799,12/5/2028,9/19/2020,N
T10,800,CP-800,B800,12/5/2028,9/19/2020,N
T1,801,CP-801,B801,12/5/2028,9/19/2020,N
T2,802,CP-802,B802,12/5/2028,9/19/2020,N
T3,803,CP-803,B803,12/5/2028,9/19/2020,N
T4,804,CP-804,B804,12/5/2028,9/19/2020,N
T5,805,CP-805,B805,12/5/2028,9/19/2020,N
T6,806,CP-806,B806,12/5/2028,9/19/2020,N
T7,807,CP-807,B807,12/5/2028,9/19/2020,N
T8,808,CP-808,B808,12/5/2028,9/19/2020,N
T9,809,CP-809,B809,12/5/2028,9/19/2020,N
T10,810,CP-810,B810,12/5/2028,9/19/2020,N
T1,811,CP-811,B811,12/5/2028,9/19/2020,N
T2,812,CP-812,B812,12/5/2028,9/19/2020,N
T3,813,CP-813,B813,12/5/2028,9/20/2020,N
T4,814,CP-814,B814,12/5/2028,9/20/2020,N
T5,815,CP-815,B815,12/5/2028,9/20/2020,N
T6,816,CP-816,B816,12/5/2028,9/20/2020,N
T7,817,CP-817,B817,12/5/2028,9/20/2020,N
T8,818,CP-818,B818,12/5/2028,9/20/2020,N
T9,819,CP-819,B819,4/12/2020,9/20/2020,Y
T10,820,CP-820,B820,4/12/2020,9/21/2020,Y
T1,821,CP-821,B821,4/12/2020,9/21/2020,Y
T2,822,CP-822,B822,4/12/2020,9/21/2020,Y
T3,823,CP-823,B823,4/12/2020,9/21/2020,Y
T4,824,CP-824,B824,4/12/2020,9/21/2020,Y
T5,825,CP-825,B825,4/12/2020,9/21/2020,Y
T6,826,CP-826,B826,4/12/2020,9/21/2020,Y
T7,827,CP-827,B827,4/12/2020,9/21/2020,Y
T8,828,CP-828,B828,4/12/2020,9/21/2020,Y
T9,829,CP-829,B829,4/12/2020,9/21/2020,Y
T10,830,CP-830,B830,4/12/2020,9/21/2020,Y
T1,831,CP-831,B831,4/12/2020,9/21/2020,Y
T2,832,CP-832,B832,4/12/2020,9/21/2020,Y
T3,833,CP-833,B833,4/12/2020,9/21/2020,Y
T4,834,CP-834,B834,4/12/2020,9/21/2020,Y
T5,835,CP-835,B835,4/12/2020,9/21/2020,Y
T6,836,CP-836,B836,4/12/2020,9/21/2020,Y
T7,837,CP-837,B837,4/12/2020,9/21/2020,Y
T8,838,CP-838,B838,4/12/2020,9/21/2020,Y
T9,839,CP-839,B839,4/12/2020,9/21/2020,Y
T10,840,CP-840,B840,4/12/2020,9/21/2020,Y
T1,841,CP-841,B841,4/12/2020,9/21/2020,Y
T2,842,CP-842,B842,4/12/2020,9/21/2020,Y
T3,843,CP-843,B843,4/12/2020,9/21/2020,Y
T4,844,CP-844,B844,4/12/2020,9/21/2020,Y
T5,845,CP-845,B845,4/12/2020,9/21/2020,Y
T6,846,CP-846,B846,4/12/2020,9/21/2020,Y
T7,847,CP-847,B847,4/12/2020,9/21/2020,Y
T8,848,CP-848,B848,4/12/2020,9/21/2020,Y
T9,849,CP-849,B849,4/12/2020,9/21/2020,Y
T10,850,CP-850,B850,4/12/2020,9/21/2020,Y
T1,851,CP-851,B851,4/12/2020,9/21/2020,Y
T2,852,CP-852,B852,4/12/2020,9/21/2020,Y
T3,853,CP-853,B853,4/12/2020,9/21/2020,Y
T4,854,CP-854,B854,4/12/2020,9/21/2020,Y
T5,855,CP-855,B855,4/12/2020,9/21/2020,Y
T6,856,CP-856,B856,12/5/2028,9/21/2020,N
T7,857,CP-857,B857,12/5/2028,9/21/2020,N
T8,858,CP-858,B858,12/5/2028,9/21/2020,N
T9,859,CP-859,B859,12/5/2028,9/21/2020,N
T10,860,CP-860,B860,12/5/2028,9/21/2020,N
T1,861,CP-861,B861,12/5/2028,9/21/2020,N
T2,862,CP-862,B862,12/5/2028,9/21/2020,N
T3,863,CP-863,B863,12/5/2028,9/21/2020,N
T4,864,CP-864,B864,12/5/2028,9/21/2020,N
T5,865,CP-865,B865,12/5/2028,9/21/2020,N
T6,866,CP-866,B866,12/5/2028,9/21/2020,N
T7,867,CP-867,B867,12/5/2028,9/21/2020,N
T8,868,CP-868,B868,12/5/2028,9/21/2020,N
T9,869,CP-869,B869,12/5/2028,9/21/2020,N
T10,870,CP-870,B870,12/5/2028,9/21/2020,N
T1,871,CP-871,B871,12/5/2028,9/21/2020,N
T2,872,CP-872,B872,12/5/2028,9/21/2020,N
T3,873,CP-873,B873,12/5/2028,9/21/2020,N
T4,874,CP-874,B874,12/5/2028,9/21/2020,N
T5,875,CP-875,B875,12/5/2028,9/21/2020,N
T6,876,CP-876,B876,12/5/2028,9/21/2020,N
T7,877,CP-877,B877,12/5/2028,9/21/2020,N
T8,878,CP-878,B878,12/5/2028,9/21/2020,N
T9,879,CP-879,B879,12/5/2028,9/21/2020,N
T10,880,CP-880,B880,12/5/2028,9/21/2020,N
T1,881,CP-881,B881,12/5/2028,9/22/2020,N
T2,882,CP-882,B882,12/5/2028,9/22/2020,N
T3,883,CP-883,B883,12/5/2028,9/23/2020,N
T4,884,CP-884,B884,12/5/2028,9/23/2020,N
T5,885,CP-885,B885,12/5/2028,9/23/2020,N
T6,886,CP-886,B886,12/5/2028,9/23/2020,N
T7,887,CP-887,B887,12/5/2028,9/23/2020,N
T8,888,CP-888,B888,4/12/2020,9/23/2020,Y
T9,889,CP-889,B889,4/12/2020,9/23/2020,Y
T10,890,CP-890,B890,4/12/2020,9/23/2020,Y
T1,891,CP-891,B891,4/12/2020,9/23/2020,Y
T2,892,CP-892,B892,4/12/2020,9/23/2020,Y
T3,893,CP-893,B893,4/12/2020,9/23/2020,Y
T4,894,CP-894,B894,4/12/2020,9/23/2020,Y
T5,895,CP-895,B895,4/12/2020,9/23/2020,Y
T6,896,CP-896,B896,4/12/2020,9/23/2020,Y
T7,897,CP-897,B897,4/12/2020,9/23/2020,Y
T8,898,CP-898,B898,4/12/2020,9/23/2020,Y
T9,899,CP-899,B899,4/12/2020,9/23/2020,Y
T10,900,CP-900,B900,4/12/2020,9/23/2020,Y
T1,901,CP-901,B901,4/12/2020,9/23/2020,Y
T2,902,CP-902,B902,4/12/2020,9/23/2020,Y
T3,903,CP-903,B903,4/12/2020,9/23/2020,Y
T4,904,CP-904,B904,4/12/2020,9/23/2020,Y
T5,905,CP-905,B905,4/12/2020,9/23/2020,Y
T6,906,CP-906,B906,4/12/2020,9/23/2020,Y
T7,907,CP-907,B907,4/12/2020,9/23/2020,Y
T8,908,CP-908,B908,4/12/2020,9/23/2020,Y
T9,909,CP-909,B909,4/12/2020,9/23/2020,Y
T10,910,CP-910,B910,4/12/2020,9/23/2020,Y
T1,911,CP-911,B911,4/12/2020,9/23/2020,Y
T2,912,CP-912,B912,4/12/2020,9/23/2020,Y
T3,913,CP-913,B913,4/12/2020,9/23/2020,Y
T4,914,CP-914,B914,4/12/2020,9/23/2020,Y
T5,915,CP-915,B915,4/12/2020,9/23/2020,Y
T6,916,CP-916,B916,4/12/2020,9/23/2020,Y
T7,917,CP-917,B917,4/12/2020,9/23/2020,Y
T8,918,CP-918,B918,4/12/2020,9/23/2020,Y
T9,919,CP-919,B919,4/12/2020,9/23/2020,Y
T10,920,CP-920,B920,4/12/2020,9/23/2020,Y
T1,921,CP-921,B921,4/12/2020,9/23/2020,Y
T2,922,CP-922,B922,4/12/2020,9/23/2020,Y
T3,923,CP-923,B923,4/12/2020,9/23/2020,Y
T4,924,CP-924,B924,4/12/2020,9/23/2020,Y
T5,925,CP-925,B925,4/12/2020,9/23/2020,Y
T6,926,CP-926,B926,4/12/2020,9/23/2020,Y
T7,927,CP-927,B927,4/12/2020,9/23/2020,Y
T8,928,CP-928,B928,4/12/2020,9/24/2020,Y
T9,929,CP-929,B929,4/12/2020,9/24/2020,Y
T10,930,CP-930,B930,4/12/2020,9/24/2020,Y
T1,931,CP-931,B931,4/12/2020,9/24/2020,Y
T2,932,CP-932,B932,4/12/2020,9/24/2020,Y
T3,933,CP-933,B933,4/12/2020,9/24/2020,Y
T4,934,CP-934,B934,4/12/2020,9/24/2020,Y
T5,935,CP-935,B935,4/12/2020,9/24/2020,Y
T6,936,CP-936,B936,4/12/2020,9/24/2020,Y
T7,937,CP-937,B937,4/12/2020,9/24/2020,Y
T8,938,CP-938,B938,4/12/2020,9/24/2020,Y
T9,939,CP-939,B939,4/12/2020,9/24/2020,Y
T10,940,CP-940,B940,4/12/2020,9/24/2020,Y
T1,941,CP-941,B941,4/12/2020,9/24/2020,Y
T2,942,CP-942,B942,4/12/2020,9/24/2020,Y
T3,943,CP-943,B943,4/12/2020,9/24/2020,Y
T4,944,CP-944,B944,4/12/2020,9/24/2020,Y
T5,945,CP-945,B945,4/12/2020,9/24/2020,Y
T6,946,CP-946,B946,4/12/2020,9/24/2020,Y
T7,947,CP-947,B947,4/12/2020,9/24/2020,Y
T8,948,CP-948,B948,4/12/2020,9/24/2020,Y
T9,949,CP-949,B949,12/5/2028,9/24/2020,N
T10,950,CP-950,B950,12/5/2028,9/24/2020,N
T1,951,CP-951,B951,12/5/2028,9/24/2020,N
T2,952,CP-952,B952,12/5/2028,9/24/2020,N
T3,953,CP-953,B953,12/5/2028,9/24/2020,N
T4,954,CP-954,B954,12/5/2028,9/24/2020,N
T5,955,CP-955,B955,12/5/2028,9/24/2020,N
T6,956,CP-956,B956,12/5/2028,9/24/2020,N
T7,957,CP-957,B957,12/5/2028,9/24/2020,N
T8,958,CP-958,B958,12/5/2028,9/24/2020,N
T9,959,CP-959,B959,12/5/2028,9/24/2020,N
T10,960,CP-960,B960,12/5/2028,9/24/2020,N
T1,961,CP-961,B961,12/5/2028,9/24/2020,N
T2,962,CP-962,B962,12/5/2028,9/25/2020,N
T3,963,CP-963,B963,12/5/2028,9/25/2020,N
T4,964,CP-964,B964,12/5/2028,9/25/2020,N
T5,965,CP-965,B965,12/5/2028,9/25/2020,N
T6,966,CP-966,B966,12/5/2028,9/25/2020,N
T7,967,CP-967,B967,12/5/2028,9/25/2020,N
T8,968,CP-968,B968,12/5/2028,9/25/2020,N
T9,969,CP-969,B969,12/5/2028,9/25/2020,N
T10,970,CP-970,B970,12/5/2028,9/25/2020,N
T1,971,CP-971,B971,12/5/2028,9/25/2020,N
T2,972,CP-972,B972,4/12/2020,9/25/2020,Y
T3,973,CP-973,B973,4/12/2020,9/25/2020,Y
T4,974,CP-974,B974,4/12/2020,9/25/2020,Y
T5,975,CP-975,B975,4/12/2020,9/25/2020,Y
T6,976,CP-976,B976,4/12/2020,9/25/2020,Y
T7,977,CP-977,B977,4/12/2020,9/25/2020,Y
T8,978,CP-978,B978,4/12/2020,9/25/2020,Y
T9,979,CP-979,B979,4/12/2020,9/25/2020,Y
T10,980,CP-980,B980,4/12/2020,9/25/2020,Y
T1,981,CP-981,B981,4/12/2020,9/25/2020,Y
T2,982,CP-982,B982,4/12/2020,9/25/2020,Y
T3,983,CP-983,B983,4/12/2020,9/25/2020,Y
T4,984,CP-984,B984,4/12/2020,9/26/2020,Y
T5,985,CP-985,B985,4/12/2020,9/26/2020,Y
T6,986,CP-986,B986,4/12/2020,9/26/2020,Y
T7,987,CP-987,B987,4/12/2020,9/26/2020,Y
T8,988,CP-988,B988,4/12/2020,9/26/2020,Y
T9,989,CP-989,B989,4/12/2020,9/26/2020,Y
T10,990,CP-990,B990,4/12/2020,9/26/2020,Y
T1,991,CP-991,B991,4/12/2020,9/26/2020,Y
T2,992,CP-992,B992,4/12/2020,9/26/2020,Y
T3,993,CP-993,B993,4/12/2020,9/26/2020,Y
T4,994,CP-994,B994,12/5/2028,9/26/2020,N
T5,995,CP-995,B995,12/5/2028,9/26/2020,N
T6,996,CP-996,B996,12/5/2028,9/26/2020,N
T7,997,CP-997,B997,12/5/2028,9/26/2020,N
T8,998,CP-998,B998,12/5/2028,9/26/2020,N
T9,999,CP-999,B999,12/5/2028,9/27/2020,N
T10,1000,CP-1000,B1000,12/5/2028,9/27/2020,N
T1,1001,CP-1001,B1001,12/5/2028,9/27/2020,N
T2,1002,CP-1002,B1002,12/5/2028,9/27/2020,N
T3,1003,CP-1003,B1003,12/5/2028,9/27/2020,N
T4,1004,CP-1004,B1004,12/5/2028,9/27/2020,N
T5,1005,CP-1005,B1005,12/5/2028,9/28/2020,N
T6,1006,CP-1006,B1006,12/5/2028,9/28/2020,N
T7,1007,CP-1007,B1007,12/5/2028,9/28/2020,N
T8,1008,CP-1008,B1008,12/5/2028,9/28/2020,N
T9,1009,CP-1009,B1009,12/5/2028,9/28/2020,N
T10,1010,CP-1010,B1010,12/5/2028,9/28/2020,N
T1,1011,CP-1011,B1011,12/5/2028,9/28/2020,N
T2,1012,CP-1012,B1012,12/5/2028,9/28/2020,N
T3,1013,CP-1013,B1013,12/5/2028,9/28/2020,N
T4,1014,CP-1014,B1014,12/5/2028,9/28/2020,N
T5,1015,CP-1015,B1015,12/5/2028,9/28/2020,N
T6,1016,CP-1016,B1016,12/5/2028,9/28/2020,N
T7,1017,CP-1017,B1017,12/5/2028,9/28/2020,N
T8,1018,CP-1018,B1018,12/5/2028,9/28/2020,N
T9,1019,CP-1019,B1019,12/5/2028,9/28/2020,N
T10,1020,CP-1020,B1020,12/5/2028,9/28/2020,N
T1,1021,CP-1021,B1021,12/5/2028,9/28/2020,N
T2,1022,CP-1022,B1022,12/5/2028,9/28/2020,N
T3,1023,CP-1023,B1023,12/5/2028,9/28/2020,N
T4,1024,CP-1024,B1024,12/5/2028,9/28/2020,N
T5,1025,CP-1025,B1025,12/5/2028,9/28/2020,N
T6,1026,CP-1026,B1026,12/5/2028,9/28/2020,N
T7,1027,CP-1027,B1027,12/5/2028,9/28/2020,N
T8,1028,CP-1028,B1028,12/5/2028,9/28/2020,N
T9,1029,CP-1029,B1029,12/5/2028,9/28/2020,N
T10,1030,CP-1030,B1030,12/5/2028,9/28/2020,N
T1,1031,CP-1031,B1031,12/5/2028,9/28/2020,N
T2,1032,CP-1032,B1032,12/5/2028,9/28/2020,N
T3,1033,CP-1033,B1033,12/5/2028,9/28/2020,N
T4,1034,CP-1034,B1034,12/5/2028,9/28/2020,N
T5,1035,CP-1035,B1035,12/5/2028,9/29/2020,N
T6,1036,CP-1036,B1036,12/5/2028,9/29/2020,N
T7,1037,CP-1037,B1037,12/5/2028,9/29/2020,N
T8,1038,CP-1038,B1038,12/5/2028,9/29/2020,N
T9,1039,CP-1039,B1039,12/5/2028,9/29/2020,N
T10,1040,CP-1040,B1040,12/5/2028,9/29/2020,N
T1,1041,CP-1041,B1041,12/5/2028,9/29/2020,N
T2,1042,CP-1042,B1042,12/5/2028,9/29/2020,N
T3,1043,CP-1043,B1043,12/5/2028,9/29/2020,N
T4,1044,CP-1044,B1044,12/5/2028,9/29/2020,N
T5,1045,CP-1045,B1045,12/5/2028,9/29/2020,N
T6,1046,CP-1046,B1046,12/5/2028,9/29/2020,N
T7,1047,CP-1047,B1047,12/5/2028,9/29/2020,N
T8,1048,CP-1048,B1048,12/5/2028,9/29/2020,N
T9,1049,CP-1049,B1049,12/5/2028,9/29/2020,N
T10,1050,CP-1050,B1050,12/5/2028,9/29/2020,N
T1,1051,CP-1051,B1051,12/5/2028,9/29/2020,N
T2,1052,CP-1052,B1052,12/5/2028,9/29/2020,N
T3,1053,CP-1053,B1053,12/5/2028,9/29/2020,N
T4,1054,CP-1054,B1054,12/5/2028,9/29/2020,N
T5,1055,CP-1055,B1055,12/5/2028,9/29/2020,N
T6,1056,CP-1056,B1056,12/5/2028,9/29/2020,N
T7,1057,CP-1057,B1057,12/5/2028,9/29/2020,N
T8,1058,CP-1058,B1058,12/5/2028,9/29/2020,N
T9,1059,CP-1059,B1059,12/5/2028,9/29/2020,N
T10,1060,CP-1060,B1060,12/5/2028,9/29/2020,N
T1,1061,CP-1061,B1061,12/5/2028,9/29/2020,N
T2,1062,CP-1062,B1062,12/5/2028,9/29/2020,N
T3,1063,CP-1063,B1063,12/5/2028,9/29/2020,N
T4,1064,CP-1064,B1064,12/5/2028,9/29/2020,N
T5,1065,CP-1065,B1065,12/5/2028,9/29/2020,N
T6,1066,CP-1066,B1066,12/5/2028,9/29/2020,N
T7,1067,CP-1067,B1067,12/5/2028,9/29/2020,N
T8,1068,CP-1068,B1068,4/12/2020,9/29/2020,Y
T9,1069,CP-1069,B1069,4/12/2020,9/29/2020,Y
T10,1070,CP-1070,B1070,4/12/2020,9/29/2020,Y
T1,1071,CP-1071,B1071,4/12/2020,9/29/2020,Y
T2,1072,CP-1072,B1072,4/12/2020,9/29/2020,Y
T3,1073,CP-1073,B1073,4/12/2020,9/29/2020,Y
T4,1074,CP-1074,B1074,4/12/2020,9/29/2020,Y
T5,1075,CP-1075,B1075,4/12/2020,9/29/2020,Y
T6,1076,CP-1076,B1076,4/12/2020,9/29/2020,Y
T7,1077,CP-1077,B1077,12/5/2028,9/29/2020,N
T8,1078,CP-1078,B1078,12/5/2028,9/29/2020,N
T9,1079,CP-1079,B1079,12/5/2028,9/29/2020,N
T10,1080,CP-1080,B1080,12/5/2028,9/29/2020,N
T1,1081,CP-1081,B1081,12/5/2028,9/29/2020,N
T2,1082,CP-1082,B1082,12/5/2028,9/29/2020,N
T3,1083,CP-1083,B1083,12/5/2028,9/29/2020,N
T4,1084,CP-1084,B1084,12/5/2028,9/29/2020,N
T5,1085,CP-1085,B1085,12/5/2028,9/29/2020,N
T6,1086,CP-1086,B1086,12/5/2028,9/29/2020,N
T7,1087,CP-1087,B1087,12/5/2028,9/29/2020,N
T8,1088,CP-1088,B1088,12/5/2028,9/29/2020,N
T9,1089,CP-1089,B1089,12/5/2028,9/29/2020,N
T10,1090,CP-1090,B1090,12/5/2028,9/29/2020,N
T1,1091,CP-1091,B1091,12/5/2028,9/29/2020,N
T2,1092,CP-1092,B1092,12/5/2028,9/29/2020,N
T3,1093,CP-1093,B1093,12/5/2028,9/29/2020,N
T4,1094,CP-1094,B1094,12/5/2028,9/29/2020,N
T5,1095,CP-1095,B1095,12/5/2028,9/29/2020,N
T6,1096,CP-1096,B1096,12/5/2028,9/29/2020,N
T7,1097,CP-1097,B1097,12/5/2028,9/29/2020,N
T8,1098,CP-1098,B1098,12/5/2028,9/29/2020,N
T9,1099,CP-1099,B1099,12/5/2028,9/29/2020,N
T10,1100,CP-1100,B1100,12/5/2028,9/29/2020,N
T1,1101,CP-1101,B1101,12/5/2028,9/29/2020,N
T2,1102,CP-1102,B1102,12/5/2028,9/29/2020,N
T3,1103,CP-1103,B1103,12/5/2028,9/29/2020,N
T4,1104,CP-1104,B1104,12/5/2028,9/29/2020,N
T5,1105,CP-1105,B1105,4/12/2020,9/29/2020,Y
T6,1106,CP-1106,B1106,4/12/2020,9/29/2020,Y
T7,1107,CP-1107,B1107,4/12/2020,9/29/2020,Y
T8,1108,CP-1108,B1108,4/12/2020,9/29/2020,Y
T9,1109,CP-1109,B1109,4/12/2020,9/29/2020,Y
T10,1110,CP-1110,B1110,4/12/2020,9/29/2020,Y
T1,1111,CP-1111,B1111,12/5/2028,9/29/2020,N
T2,1112,CP-1112,B1112,12/5/2028,9/29/2020,N
T3,1113,CP-1113,B1113,12/5/2028,9/29/2020,N
T4,1114,CP-1114,B1114,12/5/2028,9/29/2020,N
T5,1115,CP-1115,B1115,12/5/2028,9/29/2020,N
T6,1116,CP-1116,B1116,12/5/2028,9/29/2020,N
T7,1117,CP-1117,B1117,12/5/2028,9/29/2020,N
T8,1118,CP-1118,B1118,12/5/2028,9/29/2020,N
T9,1119,CP-1119,B1119,12/5/2028,9/29/2020,N
T10,1120,CP-1120,B1120,12/5/2028,9/29/2020,N
T1,1121,CP-1121,B1121,12/5/2028,9/29/2020,N
T2,1122,CP-1122,B1122,12/5/2028,9/29/2020,N
T3,1123,CP-1123,B1123,12/5/2028,9/29/2020,N
T4,1124,CP-1124,B1124,12/5/2028,9/30/2020,N
T5,1125,CP-1125,B1125,12/5/2028,9/30/2020,N
T6,1126,CP-1126,B1126,12/5/2028,9/30/2020,N
T7,1127,CP-1127,B1127,12/5/2028,10/1/2020,N
T8,1128,CP-1128,B1128,12/5/2028,10/1/2020,N
T9,1129,CP-1129,B1129,12/5/2028,10/1/2020,N
T10,1130,CP-1130,B1130,12/5/2028,10/2/2020,N
T1,1131,CP-1131,B1131,12/5/2028,10/2/2020,N
T2,1132,CP-1132,B1132,12/5/2028,10/2/2020,N
T3,1133,CP-1133,B1133,4/12/2020,10/2/2020,Y
T4,1134,CP-1134,B1134,4/12/2020,10/2/2020,Y
T5,1135,CP-1135,B1135,4/12/2020,10/2/2020,Y
T6,1136,CP-1136,B1136,4/12/2020,10/2/2020,Y
T7,1137,CP-1137,B1137,4/12/2020,10/2/2020,Y
T8,1138,CP-1138,B1138,4/12/2020,10/2/2020,Y
T9,1139,CP-1139,B1139,4/12/2020,10/2/2020,Y
T10,1140,CP-1140,B1140,4/12/2020,10/2/2020,Y
T1,1141,CP-1141,B1141,4/12/2020,10/2/2020,Y
T2,1142,CP-1142,B1142,12/5/2028,10/2/2020,N
T3,1143,CP-1143,B1143,12/5/2028,10/2/2020,N
T4,1144,CP-1144,B1144,12/5/2028,10/2/2020,N
T5,1145,CP-1145,B1145,12/5/2028,10/2/2020,N
T6,1146,CP-1146,B1146,12/5/2028,10/2/2020,N
T7,1147,CP-1147,B1147,12/5/2028,10/2/2020,N
T8,1148,CP-1148,B1148,12/5/2028,10/2/2020,N
T9,1149,CP-1149,B1149,12/5/2028,10/2/2020,N
T10,1150,CP-1150,B1150,12/5/2028,10/2/2020,N
T1,1151,CP-1151,B1151,12/5/2028,10/2/2020,N
T2,1152,CP-1152,B1152,12/5/2028,10/2/2020,N
T3,1153,CP-1153,B1153,12/5/2028,10/2/2020,N
T4,1154,CP-1154,B1154,12/5/2028,10/2/2020,N
T5,1155,CP-1155,B1155,12/5/2028,10/2/2020,N
T6,1156,CP-1156,B1156,12/5/2028,10/2/2020,N
T7,1157,CP-1157,B1157,12/5/2028,10/2/2020,N
T8,1158,CP-1158,B1158,12/5/2028,10/2/2020,N
T9,1159,CP-1159,B1159,12/5/2028,10/2/2020,N
T10,1160,CP-1160,B1160,12/5/2028,10/2/2020,N
T1,1161,CP-1161,B1161,12/5/2028,10/2/2020,N
T2,1162,CP-1162,B1162,12/5/2028,10/2/2020,N
T3,1163,CP-1163,B1163,4/12/2020,10/2/2020,Y
T4,1164,CP-1164,B1164,4/12/2020,10/2/2020,Y
T5,1165,CP-1165,B1165,4/12/2020,10/2/2020,Y
T6,1166,CP-1166,B1166,4/12/2020,10/2/2020,Y
T7,1167,CP-1167,B1167,4/12/2020,10/2/2020,Y
T8,1168,CP-1168,B1168,4/12/2020,10/2/2020,Y
T9,1169,CP-1169,B1169,4/12/2020,10/2/2020,Y
T10,1170,CP-1170,B1170,4/12/2020,10/2/2020,Y
T1,1171,CP-1171,B1171,4/12/2020,10/2/2020,Y
T2,1172,CP-1172,B1172,4/12/2020,10/2/2020,Y
T3,1173,CP-1173,B1173,4/12/2020,10/2/2020,Y
T4,1174,CP-1174,B1174,4/12/2020,10/2/2020,Y
T5,1175,CP-1175,B1175,4/12/2020,10/2/2020,Y
T6,1176,CP-1176,B1176,4/12/2020,10/2/2020,Y
T7,1177,CP-1177,B1177,4/12/2020,10/3/2020,Y
T8,1178,CP-1178,B1178,4/10/2026,10/3/2020,N
T9,1179,CP-1179,B1179,4/10/2026,10/3/2020,N
T10,1180,CP-1180,B1180,4/10/2026,10/3/2020,N
T1,1181,CP-1181,B1181,4/10/2026,10/3/2020,N
T2,1182,CP-1182,B1182,4/10/2026,10/3/2020,N
T3,1183,CP-1183,B1183,4/10/2026,10/3/2020,N
T4,1184,CP-1184,B1184,4/10/2026,10/3/2020,N
T5,1185,CP-1185,B1185,4/10/2026,10/4/2020,N
T6,1186,CP-1186,B1186,4/10/2026,10/4/2020,N
T7,1187,CP-1187,B1187,4/10/2026,10/4/2020,N
T8,1188,CP-1188,B1188,4/10/2026,10/4/2020,N
T9,1189,CP-1189,B1189,4/10/2026,10/4/2020,N
T10,1190,CP-1190,B1190,4/10/2026,10/4/2020,N
T1,1191,CP-1191,B1191,4/10/2026,10/4/2020,N
T2,1192,CP-1192,B1192,4/10/2026,10/4/2020,N
T3,1193,CP-1193,B1193,4/10/2026,10/4/2020,N
T4,1194,CP-1194,B1194,4/10/2026,10/4/2020,N
T5,1195,CP-1195,B1195,4/10/2026,10/4/2020,N
T6,1196,CP-1196,B1196,4/10/2026,10/4/2020,N
T7,1197,CP-1197,B1197,4/10/2026,10/4/2020,N
T8,1198,CP-1198,B1198,4/10/2026,10/4/2020,N
T9,1199,CP-1199,B1199,4/10/2026,10/4/2020,N
T10,1200,CP-1200,B1200,4/10/2026,10/4/2020,N
T1,1201,CP-1201,B1201,4/10/2026,10/4/2020,N
T2,1202,CP-1202,B1202,4/10/2026,10/4/2020,N
T3,1203,CP-1203,B1203,4/12/2020,10/4/2020,Y
T4,1204,CP-1204,B1204,4/12/2020,10/4/2020,Y
T5,1205,CP-1205,B1205,4/12/2020,10/4/2020,Y
T6,1206,CP-1206,B1206,4/12/2020,10/4/2020,Y
T7,1207,CP-1207,B1207,4/12/2020,10/4/2020,Y
T8,1208,CP-1208,B1208,4/12/2020,10/4/2020,Y
T9,1209,CP-1209,B1209,4/12/2020,10/4/2020,Y
T10,1210,CP-1210,B1210,4/12/2020,10/4/2020,Y
T1,1211,CP-1211,B1211,4/12/2020,10/4/2020,Y
T2,1212,CP-1212,B1212,4/12/2020,10/4/2020,Y
T3,1213,CP-1213,B1213,4/12/2020,10/4/2020,Y
T4,1214,CP-1214,B1214,4/12/2020,10/4/2020,Y
T5,1215,CP-1215,B1215,4/12/2020,10/4/2020,Y
T6,1216,CP-1216,B1216,4/10/2026,10/4/2020,N
T7,1217,CP-1217,B1217,4/10/2026,10/4/2020,N
T8,1218,CP-1218,B1218,4/10/2026,10/4/2020,N
T9,1219,CP-1219,B1219,4/10/2026,10/4/2020,N
T10,1220,CP-1220,B1220,4/10/2026,10/4/2020,N
T1,1221,CP-1221,B1221,4/10/2026,10/4/2020,N
T2,1222,CP-1222,B1222,4/10/2026,10/4/2020,N
T3,1223,CP-1223,B1223,4/10/2026,10/4/2020,N
T4,1224,CP-1224,B1224,4/10/2026,10/4/2020,N
T5,1225,CP-1225,B1225,4/10/2026,10/4/2020,N
T6,1226,CP-1226,B1226,4/10/2026,10/4/2020,N
T7,1227,CP-1227,B1227,4/10/2026,10/4/2020,N
T8,1228,CP-1228,B1228,4/10/2026,10/4/2020,N
T9,1229,CP-1229,B1229,4/10/2026,10/4/2020,N
T10,1230,CP-1230,B1230,4/10/2026,10/4/2020,N
T1,1231,CP-1231,B1231,4/10/2026,10/4/2020,N
T2,1232,CP-1232,B1232,4/10/2026,10/4/2020,N
T3,1233,CP-1233,B1233,4/10/2026,10/4/2020,N
T4,1234,CP-1234,B1234,4/10/2026,10/4/2020,N
T5,1235,CP-1235,B1235,4/10/2026,10/4/2020,N
T6,1236,CP-1236,B1236,4/12/2020,10/4/2020,Y
T7,1237,CP-1237,B1237,4/12/2020,10/4/2020,Y
T8,1238,CP-1238,B1238,4/12/2020,10/4/2020,Y
T9,1239,CP-1239,B1239,4/12/2020,10/4/2020,Y
T10,1240,CP-1240,B1240,4/12/2020,10/4/2020,Y
T1,1241,CP-1241,B1241,4/12/2020,10/4/2020,Y
T2,1242,CP-1242,B1242,4/12/2020,10/4/2020,Y
T3,1243,CP-1243,B1243,4/12/2025,10/4/2020,N
T4,1244,CP-1244,B1244,4/12/2025,10/4/2020,N
T5,1245,CP-1245,B1245,4/12/2025,10/4/2020,N
T6,1246,CP-1246,B1246,4/12/2025,10/4/2020,N
T7,1247,CP-1247,B1247,4/12/2025,10/4/2020,N
T8,1248,CP-1248,B1248,4/12/2025,10/4/2020,N
T9,1249,CP-1249,B1249,4/12/2025,10/4/2020,N
T10,1250,CP-1250,B1250,4/12/2020,10/4/2020,Y
T1,1251,CP-1251,B1251,4/12/2020,10/4/2020,Y
T2,1252,CP-1252,B1252,4/12/2020,10/5/2020,Y
T3,1253,CP-1253,B1253,4/12/2020,10/5/2020,Y
